{
  "menu": [
    {
      "id": 1,
      "title": "Spinach Artichoke Dip",
      "price": "10",
      "category": {
        "title": "Appetizers"
      }
    },
    {
      "id": 2,
      "title": "Hummus",
      "price": "10",
      "category": {
        "title": "Appetizers"
      }
    },
    {
      "id": 3,
      "title": "Fried Calamari Rings",
      "price": "5",
      "category": {
        "title": "Appetizers"
      }
    },
    {
      "id": 4,
      "title": "Fried Mushroom",
      "price": "12",
      "category": {
        "title": "Appetizers"
      }
    },
    {
      "id": 5,
      "title": "Greek",
      "price": "7",
      "category": {
        "title": "Salads"
      }
    },
    {
      "id": 6,
      "title": "Caesar",
      "price": "7",
      "category": {
        "title": "Salads"
      }
    },
    {
      "id": 7,
      "title": "Tuna Salad",
      "price": "10",
      "category": {
        "title": "Salads"
      }
    },
    {
      "id": 8,
      "title": "Grilled Chicken Salad",
      "price": "12",
      "category": {
        "title": "Salads"
      }
    },
    {
      "id": 9,
      "title": "Water",
      "price": "3",
      "category": {
        "title": "Beverages"
      }
    },
    {
      "id": 10,
      "title": "Coke",
      "price": "3",
      "category": {
        "title": "Beverages"
      }
    },
    {
      "id": 11,
      "title": "Beer",
      "price": "7",
      "category": {
        "title": "Beverages"
      }
    },
    {
      "id": 12,
      "title": "Iced Tea",
      "price": "3",
      "category": {
        "title": "Beverages"
      }
    }
  ]
}